{
  "matrix_shape": [
    1050,
    384
  ],
  "sample_vector_first_10_elements": [
    -0.12469691783189774,
    -0.0025428885128349066,
    0.045330148190259933,
    -0.027852555736899376,
    -0.10780474543571472,
    -0.0562814325094223,
    0.04528399556875229,
    -0.02544400468468666,
    -0.05788928270339966,
    -0.06611386686563492
  ]
}